salami_id,salami_length,youtube_id,youtube_length,coverage,coverage_percent,onset_in_youtube,onset_in_salami
3,276.6628125,E6iGez4BLjQ,277.0,270.3,0.977001562145256,0.3,0.5
5,256.9404166666667,IBdrzoz9o0o,258.0,248.1,0.9655935147091492,6.0,6.0
6,170.46666666666667,QurVLnYoFqo,174.0,163.5,0.9591317950723504,4.8,0.2
7,218.62515,50JtpsgyQF4,220.0,211.4,0.9669518808792128,1.9,1.9
10,314.23225,s08jD3E6Mpg,315.0,305.9,0.9734837846847354,0.3,0.3
11,222.0668125,bbC_8YrU3D4,222.0,216.6,0.9753821273946552,0.3,0.3
12,262.32166666666666,3noiG0gtlbU,263.0,252.7,0.9633211133913198,4.7,4.6
13,198.13879166666663,_8v8c5I2IS8,196.0,192.9,0.9735599898303612,2.0,1.6
14,248.26775,Q5u1ZbIaNps,256.0,225.5,0.908293566119643,7.4,6.8
19,218.93225,ZVY7eGwKD4U,222.0,215.1,0.9824957264176474,0.2,0.2
21,383.2685833333333,06vPiv2tqoQ,381.0,371.1,0.9682505066616688,0.6,0.4
22,295.73225,fUKGNa3LSXA,296.0,288.7,0.9762208889967192,0.7,0.3
23,193.257075,KMwWP5nlxqA,194.0,188.8,0.9769370668577076,0.2,0.6
24,202.91920833333333,iNTRtSJlbiM,203.0,199.8,0.9846283239573386,0.7,0.7
26,314.56655,E6mFz-0n6J8,311.0,309.8,0.9848472445655776,0.2,0.4
27,278.53333333333336,pAc5PYiWJlA,279.0,274.1,0.9840832934418382,0.6,0.5
31,143.3861,vhvvvV9ZIt8,144.0,137.1,0.9561596277463436,0.3,0.3
32,197.4595625,WrGrnQALzao,206.0,166.9,0.8452363506072288,1.3,0.4
37,383.0334375,74tbPpF5SAY,383.0,379.3,0.9902529723661528,0.7,0.4
38,137.58695,W1Z6GkN1UdA,138.0,135.9,0.9877390261213,0.5,0.3
39,196.44083333333333,3NWyF5ssD40,199.0,194.9,0.9921562472160828,0.3,0.3
40,142.579525,HXcokAJGlCw,147.0,139.7,0.9798040777594118,0.4,0.3
43,153.9657,fLjQ-sNlaho,154.0,148.3,0.9632015442400484,0.5,0.8
48,173.2963,C46DHQ5Tc_8,173.0,166.7,0.9619362906190148,0.4,0.3
50,189.9102,epOHBLBy0G0,190.0,180.2,0.9488695183302424,0.6,0.4
51,243.85305,zLAmxoX_P8U,0.0,231.0,0.9472918218574672,2.3,7.1
53,275.2,YmQbBNf6Mnc,274.0,258.6,0.9396802325581396,0.5,0.5
54,178.33795,zfR0IKFRvdw,176.0,172.2,0.9655824797806636,0.2,0.4
56,191.92166666666665,1N5kIwYJ2i4,192.0,182.8,0.9524719286514464,1.7,1.6
59,266.9975833333333,3GsynTrMJeg,254.0,251.6,0.9423306265880684,0.3,0.3
60,194.71675,fyhTk596A9c,194.0,177.1,0.9095262734202374,7.8,1.3
61,150.56983333333332,q-YRPujUuQI,412.0,143.7,0.9543744375533392,78.1,0.2
63,1085.1526666666666,Sgt5Us5kgpk,1085.0,379.7,0.3499046831505736,380.5,0.0
64,559.2032916666667,PjOLW_HXb8M,562.0,378.9,0.6775711188514552,4.2,1.5
66,40.359208333333335,chkgSsoEI_0,192.0,38.9,0.9638444758063268,0.4,0.2
67,60.10779166666666,0X4QqqJz2uI,181.0,56.2,0.9349869366630922,64.8,1.0
69,188.395125,z2GpKXFFek4,188.0,187.7,0.9963102813833424,0.2,0.2
75,160.6269583333333,7AmvvdPzzmw,161.0,159.9,0.9954742445422844,0.0,0.0
79,121.782875,Ad-vv9H4RsY,122.0,120.7,0.9911081504686108,0.4,0.4
82,115.591875,AnnVRQVgiq8,457.0,110.6,0.9568146550092728,341.9,0.2
86,630.7787916666666,2YYETUZ7Xjw,633.0,378.7,0.6003689486759457,1.5,1.0
95,188.342875,K8TEWwu9-98,188.0,186.7,0.9912772118403737,0.1,0.1
96,148.16654166666666,X5Kjvzh4DhY,468.0,142.5,0.9617555920322768,2.7,2.7
99,192.05225,uPh_7tSEc4w,193.0,187.9,0.978379581598237,2.6,1.3
101,21.263708333333334,FNZ_MuF1C7A,716.0,20.6,0.9687868022393398,386.4,0.2
102,44.9045,6Rd5_9hyWm0,285.0,42.6,0.948679976394348,146.4,0.3
107,64.49633333333334,Q-dobBQqFhs,435.0,55.4,0.8589635586519129,119.6,0.2
108,431.9608,JpjEVsogI0Q,433.0,378.0,0.8750794053534487,1.3,2.0
110,117.21145833333334,UQCwlhm-nks,117.0,116.0,0.9896643352914516,0.4,0.4
111,69.302875,ShRjwiNRQSY,69.0,66.9,0.9653279174926004,0.7,0.8
112,187.6375833333333,MbB_sbRjoAI,188.0,178.6,0.9518348980370404,0.6,0.5
114,297.8742916666667,ZIalwWHBnkY,305.0,292.3,0.9812864291326472,9.6,3.0
116,273.00575,AB5sDA7aztA,273.0,266.4,0.9758036231837608,0.2,0.3
120,108.5649,epIliwZ9Q9k,109.0,105.7,0.9736111763562626,0.7,1.1
122,424.071875,gAsXbQlCMBY,415.0,379.8,0.8956028975041083,0.5,0.6
124,1078.831,0i8rk2fftVg,462.0,379.2,0.3514915681881592,1.3,0.6
128,126.0275,WieyrIDEghQ,125.0,119.7,0.9497927039733391,0.8,0.5
131,98.514,cRTAtspjwKs,206.0,89.4,0.9074852305256108,0.4,0.6
132,168.51591666666667,JIuNdOHG65g,169.0,166.0,0.9850701541051264,1.6,1.6
133,189.59675,_mH18duWVLE,190.0,188.5,0.9942153544298624,0.6,0.6
135,116.11429166666667,CtpxNJvIr58,294.0,114.4,0.9852361699661576,0.3,0.3
139,167.83675,sDiPfjCCFDg,285.0,165.3,0.9848856105709864,1.1,0.6
140,111.0748125,AmmES3BvtIA,108.0,101.0,0.9092970559819762,1.0,0.6
141,614.3477916666667,9_V0KE_8c4U,610.0,378.0,0.6152866586767118,2.2,2.0
146,240.53554166666663,UCcuVmgwApQ,241.0,239.0,0.9936161547851644,0.8,0.8
148,48.32654166666666,R-Uhnwm0PyI,428.0,45.0,0.931165327541715,0.6,0.3
149,332.5126666666667,pDWWSwe04AY,333.0,331.3,0.9963530211380418,0.6,0.7
152,223.059625,6FjqgK5Wmwg,223.0,216.5,0.9705925041342645,3.7,3.3
154,203.67675,5Z4fM0_2usc,202.0,196.9,0.9667279156801156,0.4,0.3
155,249.8612,AvIHdDbPvgU,250.0,245.5,0.9825455092667448,0.8,1.6
156,393.0645,uErKOv1wb_k,393.0,379.7,0.9659992189577028,1.0,0.4
158,436.1926666666666,u-neICCDaTY,436.0,378.3,0.8672773040659405,1.3,1.2
162,206.05391666666668,2N0D-kt2fX4,199.0,193.2,0.9376186734297292,0.6,1.6
164,564.767375,djrPX6OdlKE,565.0,377.0,0.6675314770085647,1.1,1.0
166,59.55920833333333,Tkw9jAGL-nQ,175.0,56.3,0.9452778432666094,0.2,0.2
170,310.51758333333333,nbWRPvFbZSg,313.0,306.9,0.9883498277472744,1.2,1.1
173,232.09795,RGdaZyBefAc,232.0,225.9,0.9732959726701592,0.7,1.4
174,95.21633333333334,OB3xld7u2Ms,1041.0,92.7,0.9735724613074088,905.0,0.1
176,47.751875,rAVJGOXrrxc,472.0,46.4,0.9716895933405756,0.5,0.3
182,38.89633333333333,WSUQbQ4QYos,1023.0,37.5,0.9641011577783682,160.4,1.2
183,161.07104166666667,Xk9awBJxZDM,163.0,135.4,0.8406228618065786,13.9,12.8
186,652.3298333333332,60iTktxIV6E,650.0,378.9,0.580841133792491,0.5,0.4
192,209.0579583333333,rguiOWLm1tg,209.0,198.2,0.94806244918923,0.8,0.6
197,236.0685833333333,4HVmbDGhpbI,329.0,224.5,0.9509948203611734,93.2,0.6
198,158.06695833333333,RWOGipu8OAc,265.0,147.1,0.9306182743758116,51.2,0.7
200,208.64,ylxR6-wyghE,209.0,197.6,0.9470858895705522,1.0,1.0
203,521.8742916666666,1mz9v6afj_g,519.0,379.3,0.7268033816892208,2.6,0.4
204,188.31675,n0-wtP8TZQE,190.0,147.3,0.7821927683012796,33.2,33.2
213,221.07429166666665,XeO2cWyB1Xg,227.0,214.8,0.9716190805391024,1.5,1.2
215,152.16329166666668,qwchF14gXdE,152.0,149.0,0.979211203753424,0.6,0.6
216,135.62779166666667,p-4kNaeUVq8,140.0,129.0,0.9511324958902536,0.4,0.5
218,87.58858333333332,fmZPX5FV4Xk,88.0,85.5,0.976154616802228,0.1,0.1
223,96.391875,fYJVsptOXBc,96.0,91.6,0.9502875631374532,0.5,0.5
226,13.296333333333331,Mgy7YfDkefk,135.0,12.2,0.9175461906791346,0.5,0.2
227,113.031875,RZSNIAzmtMQ,113.0,106.6,0.9430968034459306,0.5,0.5
228,177.76329166666667,x2VfPAlJfVA,177.0,170.7,0.9602657466542,0.4,1.3
229,230.13879166666663,hdRBvKfGdZE,231.0,223.2,0.9698495346377032,0.3,0.6
231,279.40575,xDOf7ZVIrfM,280.0,276.1,0.9881686400512516,0.4,0.5
236,145.05795833333335,1Pf1xgdzKyY,146.0,138.2,0.952722632993536,0.9,0.2
237,314.1224583333333,PaTbTzrNLkA,316.0,308.0,0.9805093263123632,0.4,0.9
244,69.06779166666666,OudcDaEQ8Co,271.0,63.1,0.9135951574147864,4.6,1.0
245,246.67429166666668,PKoEYfMEyxE,247.0,237.3,0.961997289610811,2.1,2.2
246,258.01145833333334,5Zah4VWPiNE,504.0,50.5,0.1957277414197528,396.5,203.9
250,179.93145833333332,dsjYK0xOBV4,186.0,170.1,0.945359980826032,5.1,0.5
252,136.93391666666668,YKQYXBUpxEc,137.0,127.8,0.93329690051223,0.6,0.6
254,188.3951,aHWckbyKmLc,534.0,181.2,0.961808454678492,3.0,0.5
256,24.32,DS1vxdVj4jk,1345.0,22.6,0.9292763157894738,63.3,0.5
259,63.89554166666667,MRL-5CC8zLE,64.0,62.6,0.9797240678633682,0.2,0.1
261,1746.6775833333334,7tJc4F4U9EY,1747.0,377.3,0.2160101003185524,2.7,2.7
263,474.9845,0MikuFTonJ4,475.0,379.5,0.7989734401859429,0.8,0.8
264,722.07675,2bKWRDsC02o,1925.0,202.4,0.2803026132609865,458.5,77.8
268,302.0539166666667,TGXXLaO0Ke4,1369.0,290.3,0.9610866934076616,807.3,1.8
272,160.86204166666667,xH_JkLJoBpI,158.0,154.3,0.9592070223734676,1.3,0.4
274,173.06125,RQxVflQK7lM,173.0,169.4,0.9788441953354664,1.5,1.1
275,151.170625,7ACZoJleYT8,151.0,150.5,0.995563787607546,0.1,0.1
276,658.0245,vODC7VoNrD8,360.0,303.6,0.4613809972121099,1.9,2.2
277,266.18779166666667,SuHC4h2w64U,266.0,261.4,0.98201348139714,4.6,4.6
280,237.06125,vt8PNSpie5g,248.0,229.9,0.9697915623072096,5.0,0.5
282,663.04,I8OT2HVx23g,5760.0,257.9,0.3889659749034749,5137.6,36.0
283,171.07591666666667,aLg-5B6G-Ho,167.0,160.9,0.9405181228022064,4.9,1.6
285,239.07266666666663,Zt9AEuocC_Q,250.0,232.2,0.9712528129522684,0.7,0.3
291,120.29391666666666,fr8adoP0R8o,120.0,112.5,0.9352093864541502,1.4,0.7
292,63.52983333333334,nhcyUL7QSb4,185.0,61.7,0.971197259030534,0.6,0.2
293,906.7885833333332,9HN1CMMqORw,908.0,378.8,0.4177379457155716,1.0,1.3
294,138.5535,myTQlGH6AJU,140.0,133.2,0.9613614957399126,2.5,1.0
299,71.00083333333333,8wSWVC7Y4YA,389.0,67.4,0.9492846328094742,81.1,0.3
300,29.387791666666665,EiJ5bdmfMtw,419.0,23.3,0.7928462357526581,73.5,0.2
301,153.26041666666666,iI_VIk6-bxw,430.0,150.7,0.9832936858560456,269.6,0.3
302,458.05716666666666,jpG9l5_Yri4,458.0,378.6,0.826534388174984,1.6,1.2
303,225.7240833333333,FTphxXXSbFs,221.0,217.5,0.9635657692706694,1.8,1.9
307,334.02775,Giamz8EehFQ,334.0,324.1,0.9702786669670408,0.6,0.6
308,282.6529375,vuAIHmhJvs4,280.0,274.7,0.9718632412939278,3.6,1.6
309,123.79429166666668,O8cmFvO0YJA,124.0,119.7,0.9669266521780252,0.2,0.1
310,266.42925,7PeKI8Z5css,266.0,257.5,0.9664854740986584,0.5,0.5
311,163.25333333333333,36lb-1nIROk,159.0,157.1,0.9623080692584124,0.2,0.2
312,188.3616875,UjCEjVIGzv8,189.0,185.2,0.9832148058240346,0.3,0.3
315,139.859625,WHg-b2hunVE,148.0,134.4,0.9609635375470228,2.1,0.1
316,220.55185,0cHsD8AyPSU,224.0,215.3,0.9761876855714428,1.1,0.9
317,199.24125,ym8xmve3bVQ,201.0,188.2,0.9445835137051188,1.6,1.4
318,220.16,VlDbUiBQwoo,217.0,177.6,0.8066860465116279,33.5,33.8
320,195.087,vYtfHNU6Gc0,195.0,192.0,0.9841762905780496,1.9,1.9
322,242.991,-eLYm3e0gEI,250.0,236.0,0.9712293870966416,0.6,0.5
323,275.04875,xEtS_GdNUBk,275.0,268.3,0.9754634405718988,1.3,1.1
324,205.71429166666667,S3anFUuK5JQ,206.0,201.6,0.9799999716435192,0.4,0.2
325,254.0970625,Z9zaFzE66-o,254.0,250.4,0.9854501958282182,1.1,0.3
326,223.71265306122453,stYAPyJxrLs,222.0,218.0,0.9744643274170948,1.3,0.7
327,236.826125,mpxcjypua5w,241.0,233.0,0.9838441599295686,0.8,0.7
328,46.419625,pw3-fAavWMM,47.0,43.2,0.9306408657976016,1.1,1.1
330,210.0,9WgKubW5Z0o,211.0,205.4,0.978095238095238,1.9,1.2
331,258.4266666666667,HSNKIdy5HJQ,261.0,254.5,0.9848054896295532,0.2,0.1
332,287.11716666666666,6t05xjrsAoE,287.0,281.5,0.9804359776467564,0.3,0.3
333,193.2,ELFaFkpBVIs,188.0,152.3,0.7883022774327123,32.6,31.3
334,203.83346938775512,f5u2uOM49eI,213.0,197.3,0.967947023580674,4.9,0.3
335,237.6359183673469,BFRnXE6kl74,238.0,235.5,0.9910118033417612,0.6,0.6
338,243.66666666666663,wFK2r0OgmF4,243.0,240.5,0.9870041039671684,0.2,0.1
339,210.901,_O4stj9PcYI,210.0,206.5,0.9791323891304452,0.1,0.1
340,282.6449166666667,v33r88NXK-8,286.0,278.3,0.984627649710075,0.9,0.8
341,38.191041666666656,SL-b1GXLqbw,38.0,34.1,0.8928795474505913,0.2,0.2
342,327.84208333333333,yomowCF5icY,329.0,315.2,0.9614384974473228,1.9,1.5
343,124.34285714285711,cUUljoyrxCQ,128.0,119.6,0.9618566176470588,2.4,1.5
347,273.18612244897963,Q_0wzSdtZbM,281.0,267.3,0.9784538014002564,3.3,2.4
348,141.95083333333332,AX6ss4bzpM0,138.0,137.0,0.9651229005348096,0.1,0.1
349,365.8448979591837,1Q9i-LxiGXo,378.0,363.0,0.9922237593716532,9.2,1.7
350,243.09554166666663,UqxL2lvb_oA,243.0,240.8,0.9905570392162344,0.3,0.3
352,185.4,YB0x2AGEUS8,190.0,177.9,0.959546925566343,2.2,2.1
354,55.08,csrVmkBCkFw,54.0,50.6,0.9186637618010168,0.7,0.7
355,170.45333333333338,oFzM7DJ9nFw,182.0,168.9,0.9908870463078846,5.3,0.2
356,333.58508333333333,WIHmmd8rrfE,334.0,332.8,0.9976465274601358,1.2,1.1
359,24.84245833333333,2920nj96R8M,25.0,21.1,0.8493523352996133,1.1,0.3
360,190.955125,hYTjBhplTGY,204.0,189.7,0.9934271206389458,12.7,0.3
362,268.8,xI0uOSWuf_E,269.0,268.1,0.9973958333333334,0.0,0.0
363,247.90666666666667,CjxZXRR4NzQ,248.0,247.4,0.9979562200828268,0.3,0.1
364,238.34666666666664,LygwDxh-EmQ,237.0,234.4,0.9834414857910048,0.6,0.1
365,211.067,EKOPq3pDQBM,232.0,208.2,0.9864166354759388,22.6,0.2
367,248.346125,YA2aq4maAkw,248.0,243.2,0.9792784163634524,0.9,0.7
370,220.6563125,P4v17ic9ySQ,216.0,210.1,0.9521594810481572,1.2,0.3
374,90.869625,TywmpMQYojs,94.0,89.9,0.9893294926660036,0.4,0.3
375,227.4138125,TuoxwcHcdn8,227.0,219.2,0.963881646370974,4.0,3.4
376,216.398375,X_-q9xeOgG4,219.0,209.3,0.9671976510914188,7.8,1.4
378,35.03020833333333,qvtaKF-rDQU,43.0,30.3,0.8649677361800828,7.8,0.3
379,208.3262083333333,QlXhHQQFCfk,208.0,200.9,0.964352980871946,0.7,0.7
380,91.14125,SVGV6lvNTR4,96.0,86.5,0.949076296408048,0.2,0.2
382,169.09599999999998,y0g8p5uweYQ,170.0,163.1,0.9645408525334722,1.8,1.8
383,95.16408333333334,yEKDYIYMgBc,96.0,86.7,0.911058005952876,5.3,0.3
384,189.75985,0qjzWSZ1mpI,211.0,184.3,0.9712275805445671,4.2,0.4
386,143.7257,cREpeMHduZo,144.0,138.7,0.9650326977012462,0.4,0.5
388,97.77633333333333,DXngbbrkHL0,98.0,90.0,0.9204681432793894,1.7,1.5
389,477.26666666666665,wqnRMcZyUJU,483.0,68.0,0.1424779997206313,223.4,212.8
390,150.07345,5VwPYWQDQXM,150.0,146.8,0.9781876807656518,0.5,0.5
394,131.29145833333334,CyaEsCxyi9E,142.0,92.4,0.7037776956167814,19.0,13.0
396,179.6825,e8XN8RwFedg,180.0,96.9,0.5392845713967693,41.5,41.9
397,139.25875,hj3sWYDKO0A,139.0,133.6,0.959365210444586,0.5,0.5
398,86.0553125,o0kZGz6CZa8,85.0,81.0,0.9412550794002404,1.0,0.8
399,166.84408333333334,2mPOR-Eb87o,168.0,162.1,0.9715657682397087,1.3,1.3
400,164.25795,H4s9R8vYx1Y,164.0,158.5,0.9649456845163354,0.6,0.5
402,340.03591666666665,k--JfatucHY,339.0,334.2,0.9828373522306836,0.4,0.3
404,358.06041666666664,aG9IhX48QPI,482.0,346.4,0.96743449953162,0.3,0.3
405,323.18695,5V_jyIj2mpA,327.0,318.5,0.9854977127015804,5.2,2.0
407,279.5363,FeCPW-cGah0,279.0,275.5,0.9855607303953012,1.6,0.6
408,370.7037083333333,61XXShTo22E,371.0,359.1,0.9686981595476802,1.1,1.3
412,499.591875,iUXEbNm-0Tg,500.0,379.0,0.7586192229407254,1.3,1.1
413,370.102875,PLuuTRgDegQ,372.0,363.9,0.983240132895482,0.4,0.3
414,280.26779166666665,4RzkdvT6Pnw,280.0,273.3,0.975138806977315,0.4,0.3
415,190.58941666666664,i82tkFErHzI,191.0,184.1,0.9659508026197678,0.7,0.7
416,255.4514583333333,MjkeCC6L5II,248.0,244.9,0.958694859672459,2.8,2.1
419,1561.9395625,DUR6zK9XcaM,1561.0,380.2,0.2434153082027461,380.1,0.2
422,298.6318125,XEkruoBv-7M,299.0,293.1,0.9814761446421586,0.4,0.4
424,470.41308333333336,5Pi5ZJZ07ME,460.0,200.0,0.4251582430123028,159.2,160.5
426,473.49554166666667,PbO3gPeRxEo,475.0,306.2,0.6466797953835011,0.3,0.6
427,504.0326666666666,33AsOWpWjZE,505.0,378.4,0.7507449913960603,1.7,1.8
428,197.53795,NCKHbqaOweA,198.0,188.1,0.9522220920081432,0.3,0.3
429,179.931375,Mg4eOHc3Rpg,184.0,175.2,0.9737045581961457,0.5,0.2
431,188.10775,m-d5Xdm-EBY,194.0,181.7,0.9659357469322768,0.4,0.3
432,1028.4147,GhQUJmhsLDI,665.0,379.7,0.3692090360046389,17.2,0.1
434,182.5698333333333,RgtTD3lcmH0,195.0,174.2,0.9541554418902722,0.3,0.6
437,423.5232916666667,cyQ7Q_BAZW0,424.0,380.0,0.8972351874783746,0.4,0.3
438,225.09715,59til4fU1tk,224.0,219.8,0.9764672720201034,0.5,0.4
439,153.3649,4ADiaFPiRlA,160.0,150.7,0.9826237946231504,0.5,0.5
444,490.78858333333335,bV02xZfrV2o,493.0,379.0,0.772226601983916,1.3,1.3
445,208.0392083333333,3CSQYnhJeGU,210.0,202.3,0.9724128524651104,3.5,1.3
446,179.5657,roKDHGGggEw,183.0,172.4,0.9600942719015938,0.9,0.8
447,186.06666666666663,JkDBV4GGV50,186.0,178.6,0.9598710139734864,0.9,0.4
448,212.9502083333333,7S3F8Nnapjs,213.0,204.6,0.9607879776277908,0.4,0.6
451,220.7608,HrnIK9-LE_0,224.0,210.9,0.9553326496370732,1.0,1.0
452,211.56,lh8GRYQtx2Q,226.0,205.7,0.9723010020797882,1.5,0.4
453,360.07185,f72G0huGCzA,364.0,351.6,0.9764717791740732,0.4,0.9
455,234.8147,Zi-AmJmmZ88,306.0,190.0,0.8091486606247394,51.3,27.0
460,178.26491666666664,ptCuv5WvifY,180.0,174.2,0.97719732663793,0.6,0.6
463,178.29104166666667,rmQY7aNQ9IA,179.0,173.3,0.9720062117534884,0.2,0.3
464,177.402875,6g6UehIKO-E,179.0,172.8,0.974054112708151,0.3,0.3
466,185.1298,Y8do5iMTEQI,191.0,38.8,0.2095826819885291,14.4,8.5
467,326.84408333333334,qPfccMtDAJM,327.0,321.1,0.98242561629156,0.4,0.3
468,728.9992083333333,oQcCefkIHGA,730.0,378.8,0.5196164764925156,0.6,1.5
469,390.00816666666674,JE5ozZro9Ng,390.0,379.4,0.972800142219244,1.0,0.9
472,352.339625,UdegVsrO6Ac,352.0,346.5,0.9834261474280674,0.5,0.5
474,386.6645,C-o8EeITzYM,385.0,380.0,0.9827641275576112,1.2,0.4
476,571.03675,0XNvvKo3Ov8,572.0,341.0,0.5971594647805067,0.1,1.1
477,323.0040833333333,hpx7eaKjCfY,326.0,200.6,0.6210447803936432,26.5,26.2
478,525.06125,BVF2H3s_Mk0,525.0,379.3,0.7223919114198583,0.6,0.5
480,337.81554166666666,9r31Vlw4MkY,338.0,336.9,0.9972898178036756,0.1,0.1
482,289.4754375,I38lOVzRZDU,289.0,285.5,0.9862667536343216,0.9,0.5
483,168.07185,bRQEq2UvuMQ,203.0,120.2,0.7151703274522175,20.2,15.2
484,141.06666666666666,O0gzsR-40Bw,142.0,134.9,0.9562854442344046,0.5,0.3
485,424.75104166666665,o1izfUdFJjU,426.0,379.3,0.8929936899311116,0.4,0.5
486,216.9208333333333,4QXGeuNRHLE,216.0,209.9,0.9676341215113042,3.7,0.3
490,313.0253333333333,fJslbjCzVJk,345.0,304.0,0.9711674028513134,32.0,1.1
491,266.9714583333333,XlMCKQTg1oY,267.0,265.9,0.995986618419728,0.4,0.3
492,152.607375,x5z9GGpYDKc,154.0,139.0,0.9108340930443236,0.4,0.2
493,158.64166666666668,TqIrcCbEJbk,159.0,153.3,0.9663287282660082,0.5,0.4
494,342.0473469387755,UFNCC3XpPjg,342.0,336.5,0.9837819325645334,0.4,0.3
495,460.70666666666665,i3LrtMzAIec,462.0,379.6,0.8239516105692705,0.7,0.7
496,339.7224583333333,HD5nHtltdN0,340.0,333.9,0.9828611321079622,0.2,0.2
502,353.8547083333333,DyUlp_4bV0c,354.0,349.4,0.9874109112344016,0.4,0.4
503,297.45633333333336,Xab8yPALBaA,298.0,290.9,0.9779586695638236,0.7,0.7
507,540.6824583333333,P_FeSOb-z8Q,537.0,379.8,0.7024455743778754,0.6,0.5
508,401.4498333333333,6nYI0a-pZM0,402.0,379.8,0.9460708872299944,0.5,0.5
509,483.73554166666673,SuMd8ldLqxo,488.0,379.3,0.7841061227239091,5.7,0.9
510,484.049,fDfFjsUN8e4,482.0,370.7,0.7658315583752884,9.0,9.5
512,325.66858333333334,CWHSKcVgEXM,326.0,319.4,0.980751648595722,0.3,0.3
514,364.46041666666673,i_sHjNcIrOs,371.0,359.7,0.9869384535357631,5.7,0.5
515,614.9485833333333,bBnpH6sU0IU,633.0,379.9,0.6177752259233596,5.2,0.5
517,418.35104166666673,HQ2m_xusIbE,419.0,346.2,0.8275346910115855,0.5,0.5
518,264.04575,5NXI9v7Rhzw,261.0,258.6,0.979375733182602,0.4,0.3
520,240.8751,mOTFeagqd-s,243.0,233.5,0.9693820573400904,1.3,0.5
522,270.23675,BeJX2QV_5VA,268.0,261.3,0.9669299234837602,0.7,0.2
524,190.7461,32kUctRq_so,193.0,185.3,0.971448433283826,0.8,0.5
527,162.8996,Gfw6wRr3ZL8,163.0,156.3,0.9594867022386796,0.3,0.4
528,293.48575,_FPTzVv-fog,294.0,288.4,0.9826712199825716,0.5,0.5
531,218.85391666666663,rvAN2MNfflg,219.0,209.3,0.9563456902568572,0.5,0.5
532,438.20408333333336,vZKFeI5Q6uA,433.0,379.9,0.8669476493924348,0.5,0.4
533,254.955125,LM8yBRZbHCM,259.0,245.7,0.963699003893332,11.9,2.7
534,149.06004166666668,H5je_eK0V1w,155.0,141.8,0.9512945147103754,9.4,0.3
535,225.81540625,mN78bVtTImI,226.0,221.3,0.9800039938594756,0.3,0.2
536,401.71104166666674,-x-S-HzntaY,402.0,380.0,0.9459535850033164,0.4,0.4
538,52.77270833333333,1WoscbUDN2U,53.0,48.9,0.9266153196293856,0.6,0.5
539,293.4595625,oCojYVfs-Tg,295.0,289.6,0.9868480601990948,1.6,0.4
542,266.50666666666666,sAypnmdiCEk,268.0,261.6,0.9815889533720232,1.8,0.6
543,135.0,hPhzPcFXOp8,135.0,127.7,0.945925925925926,0.6,0.5
548,312.58125,2WZiQXPVWho,314.0,309.5,0.9901425629336372,0.5,0.7
549,175.9608,DQk3wyFG6Fg,178.0,171.8,0.976353824260858,0.2,0.4
550,153.73333333333332,XrjexLcQp1s,154.0,147.8,0.9614050303555942,1.0,0.9
551,260.63782312925173,rQ6-GWxcZrQ,261.0,251.5,0.9649405331139516,1.6,1.5
555,153.6836875,8oBwR49sUxs,153.0,145.9,0.9493525459557964,0.9,0.9
557,201.0133333333333,31AxHeYEDxc,205.0,192.4,0.9571504377819052,0.7,0.4
559,294.24325,XZyN6yY4n-k,294.0,285.6,0.970625494382624,0.5,0.7
560,147.72245833333332,3ELeiDSy8LY,149.0,143.5,0.9714162735918908,3.4,2.9
563,270.96,ntkqwuxUC1o,269.0,263.0,0.9706229701801004,0.5,0.3
564,226.742875,ZxNAuIWalzc,239.0,217.1,0.9574722028200444,18.2,0.4
565,300.1333333333333,edYTjmh_uOk,301.0,295.2,0.9835628609506886,0.5,0.4
566,218.11020833333333,wYoY40-W7bs,219.0,214.7,0.9843647467975384,0.6,0.5
567,274.44246875,Cbx7vhaIxi0,274.0,272.2,0.9918290024127324,0.8,0.3
568,605.03,3EnO9erUo2M,605.0,379.4,0.6270763433218187,0.5,0.5
570,221.14666666666668,GiU0afQ_ewM,225.0,217.6,0.98396237790908,1.1,1.0
572,294.0395833333333,SCJTK4cKlow,294.0,288.0,0.9794599649990436,0.9,0.9
573,256.891156462585,zvR0XS_mrlU,257.0,245.9,0.957214733998888,1.2,1.1
574,193.9853061224489,3sZbKp7Jzgg,194.0,191.1,0.9851261614597364,0.3,1.3
575,192.02666666666667,Z3w68Kt_iwY,192.0,189.6,0.9873628662685736,0.2,0.3
576,204.3333333333333,7whwQCLZ5tU,205.0,201.6,0.9866231647634583,0.5,0.3
578,313.626125,SvDKtObV2K4,313.0,308.7,0.9842930017389336,0.3,0.6
579,254.84,7RJOiUfIA6Y,255.0,245.6,0.9637419557369328,0.5,0.6
580,275.278375,A-Y9AYyD0iA,275.0,270.7,0.9833681995543602,1.4,0.6
581,381.570625,qATvokvWKBg,383.0,376.6,0.9869732503648572,0.3,0.3
582,287.007375,8H6YEpH0iII,288.0,281.9,0.9822047255754316,0.5,0.5
583,304.4571666666667,No_7lcumMiY,305.0,299.6,0.9840464695909604,0.6,0.6
584,256.026125,dzIK_dsViLI,261.0,251.4,0.981931043169911,1.2,0.6
587,195.34365,pCY7s6rNWWU,196.0,189.9,0.9721329564590404,0.4,0.3
590,160.88815,60OwtIio8LM,161.0,153.3,0.9528358676509115,1.1,0.7
592,122.82775,HIe4u8nBfh0,125.0,115.9,0.9435978433212364,2.1,0.1
594,431.9868125,8bs2NFMLO7k,432.0,379.9,0.8794249940210849,0.4,0.5
595,156.5256875,8SZBrWMmk_g,157.0,146.2,0.9340319939498748,0.6,0.3
596,179.4612,bjsLhEdWaT8,182.0,123.2,0.6864993658796442,45.8,45.7
597,156.5518125,1UagEgEp2ok,170.0,145.4,0.9287659956028934,9.5,7.1
599,361.0905625,tLLo5CpHu_U,363.0,305.0,0.8446634492143505,47.6,46.3
600,201.4302,hWVqSdkiI5U,196.0,192.9,0.9576518317511477,0.2,0.5
604,148.32325,80l8HEZ5zFw,161.0,128.0,0.8629800115625837,17.6,8.0
605,127.34695,h0pgCtF9Ea8,128.0,104.4,0.8198076200490079,19.3,17.3
606,162.19425,Gi_LO8fkE2o,165.0,153.0,0.943313341872477,2.9,0.5
607,178.311875,p5o6Qum2V_Y,176.0,167.5,0.939365367561751,7.9,6.2
608,119.45795833333334,J-mRtjTAigo,119.0,116.0,0.9710529262212544,0.5,0.5
610,249.399,w-G7-yLFmCQ,252.0,240.2,0.9631153292515208,9.1,3.4
611,304.56165,P-3bMig6jpk,304.0,292.6,0.9607250289062989,0.7,0.7
612,147.73333333333332,6sxnXO2RjVg,154.0,137.0,0.927346570397112,5.3,4.2
613,132.0,6p3FsA0olbQ,132.0,126.2,0.956060606060606,0.6,0.5
614,129.8808,6lPl5CRW7jg,130.0,125.8,0.9685804214325752,0.7,0.5
615,135.13333333333333,1sv-vo3ptRo,135.0,127.8,0.9457326097681302,0.7,0.5
618,200.51591836734693,COiIC3A0ROM,199.0,177.7,0.886213929781136,0.7,0.7
619,167.9673125,bKSwNSa_URE,172.0,166.2,0.9894782355346669,0.6,0.2
620,177.684875,8akJBtulVvQ,181.0,152.9,0.8605121848440955,0.3,0.1
622,369.92,yUqnTAEMsuk,370.0,366.0,0.9894031141868512,0.4,0.3
624,269.3485714285714,uZD3z7hbDKs,267.0,261.0,0.9690045824847252,0.4,0.4
626,183.249,tgUyDhwDFdU,185.0,174.2,0.9506191029691838,9.5,3.9
628,176.9796,N8oNHMNCSjQ,177.0,117.5,0.6639183273100402,23.4,21.5
629,415.26855,AjGLMcrWrS8,415.0,379.9,0.9148296927373863,0.6,0.4
630,331.6244897959184,ZYyLM7vLRfs,334.0,322.4,0.9721839306813704,0.3,0.3
632,320.6008,IcBduw4vCxY,318.0,314.8,0.981906470601446,0.4,0.4
634,242.21266666666668,DsCMWDwc7Kg,244.0,241.6,0.9974705424158934,0.3,0.1
636,187.79429166666668,EeTpLVrNmFo,188.0,181.6,0.9670155487065524,0.5,0.5
637,255.1641,htwk10OZ2-w,255.0,248.1,0.972315462872716,0.3,0.2
638,176.8750625,XAFjEV-6eiY,220.0,135.3,0.7649467261672346,1.0,1.2
639,188.6301875,15dC8md6TQQ,207.0,146.5,0.7766519343570074,32.2,25.4
640,219.0105625,g0cyMAFiH8c,223.0,38.1,0.1739642123424983,35.9,31.3
642,229.4,wSZP8TR__LQ,230.0,227.1,0.9899738448125543,0.6,0.2
643,208.9795625,AX8RpC42_9Q,210.0,117.9,0.5641700010736697,76.0,77.2
646,158.70666666666668,C6XpzAxYcQI,159.0,153.5,0.9671931445853986,0.6,0.6
651,95.26858333333334,MHQvrFBw714,101.0,89.8,0.9425982507349834,1.2,1.0
653,133.773,RFGo5cqcxP4,134.0,131.1,0.9800183893610818,0.7,0.7
654,409.8115419501134,-5EeoeeRp38,410.0,377.7,0.9216431489525436,2.3,2.3
655,230.191,nnkyT0D31qI,233.0,228.7,0.9935227702212512,1.7,1.0
658,264.1502083333333,zrIozuKUZ6w,267.0,257.9,0.9763384311798606,0.4,0.5
659,114.93875,y-3F4Nc_ijo,115.0,111.3,0.9683418342378004,0.7,0.3
660,229.0155102040816,IGL-ojxKkTo,235.0,223.0,0.9737331755446562,0.6,0.6
661,271.151,Hjc_pSD8ZSs,273.0,268.8,0.9913295543811382,1.1,1.2
662,256.86205,FPSb5QjgjAc,257.0,247.4,0.963162911765284,0.6,0.6
663,365.33525,wnskDRTzlkk,366.0,362.4,0.9919655987206272,0.6,0.5
667,188.3951,O-ME8ArqoT4,186.0,183.1,0.9718936426690502,0.4,0.3
668,396.7232,QrWK5XWuGpk,397.0,380.0,0.9578466800025812,0.5,0.4
669,152.5811875,H42Ou13za30,152.0,145.1,0.9509691356937432,0.4,0.5
671,245.36815,PEzhRyEQ7-c,246.0,241.4,0.9838277706377132,1.0,0.6
672,258.0,oJyc9uAlzxs,259.0,250.6,0.9713178294573644,0.6,0.5
674,231.549375,jdb_3H-28dE,227.0,154.6,0.6676761705791691,1.7,1.7
675,182.0211875,2cyM2_suV0o,187.0,178.1,0.9784575216003356,2.1,0.6
677,397.190125,o0mp2VVC7lE,400.0,379.8,0.9562171264957808,1.6,0.5
678,592.0653,LSt9fp9sxZI,593.0,379.8,0.6414832958459143,0.5,0.5
679,26.566541666666662,nFBRR8ej7Yc,27.0,25.0,0.9410332859157116,0.3,0.2
680,1406.8,DXzSVT0oG7U,642.0,379.5,0.2697611600796133,16.6,0.7
682,181.31591666666668,98lRKph9OMA,190.0,175.6,0.9684753728643972,8.0,1.9
683,270.53333333333336,Qy4yXNWWruI,271.0,267.0,0.9869393790044356,0.3,0.2
684,183.37958333333333,F4LYes4fH4Y,189.0,181.1,0.9875690450818088,0.4,0.3
685,291.89225,Aqe0jodb280,293.0,278.7,0.9548043841520288,11.6,12.1
686,263.8105625,6-LUuAn5Obc,272.0,171.4,0.6497086332545916,31.9,33.2
687,270.9159375,E0E0ynyIUsg,256.0,218.9,0.8079997139334042,28.0,37.2
688,212.3547083333333,kl1hgXfX5-U,212.0,208.7,0.9827896053635105,1.8,0.4
690,69.6504375,NLN1M5Zp-ws,70.0,65.6,0.9418462016121578,0.5,0.4
691,252.70666666666668,wyLXrWwpsXQ,253.0,249.9,0.988893578852952,0.4,0.3
694,167.7061,f0CeVPI27JE,168.0,165.5,0.9868454397305764,0.3,0.1
695,391.692,ZXgnpFz1HUk,392.0,380.0,0.9701500158287636,0.3,0.3
696,238.4979583333333,0vqgdSsfqPs,238.0,230.4,0.966046005634919,3.4,0.1
700,276.453875,cwF_PRpy6yI,302.0,173.0,0.62578251073529,120.2,98.0
701,297.4266666666667,_HfF-CFCq7Q,301.0,290.7,0.977383780875958,5.8,0.2
702,209.04,rXKez6O5hno,209.0,194.6,0.9309223115193264,0.2,0.2
707,171.7945,cqM2w7tC_x0,173.0,167.7,0.9761662917031686,0.3,0.5
708,333.50525,y7Zv6kvMCj0,334.0,324.2,0.9720986401263548,0.8,0.9
709,55.46666666666667,dZa7GyPFQTI,56.0,54.5,0.9825721153846152,0.3,0.1
710,6.293333333333332,hImuF43NAX0,7.0,5.7,0.905720338983051,0.3,0.1
711,4.733333333333333,1ayxV1RnSqs,204.0,3.4,0.7183098591549295,0.6,0.5
714,16.300416666666667,2J9C6AA1Le8,17.0,15.3,0.9386263132333018,0.3,0.1
715,105.30666666666669,TdYErPJlIjY,103.0,99.9,0.9486578880729296,1.8,1.6
716,17.214708333333334,XegemafQ1Is,17.0,16.7,0.9701006648868578,0.2,0.1
717,11.533333333333331,9B7oPiPjiAQ,12.0,11.0,0.953757225433526,0.6,0.3
718,52.13333333333333,vVg7ycwHHLs,52.0,46.0,0.8823529411764706,0.7,0.8
719,14.942041666666665,Thc7R7yO-o4,15.0,13.4,0.8967984629498982,0.3,0.1
720,18.466666666666665,GthWmeDO6tY,19.0,17.8,0.9638989169675092,0.2,0.2
722,74.449,tBcFPlkkMO8,75.0,55.6,0.7468199707182098,0.8,0.6
723,62.56,Ft327MrKCDY,63.0,59.0,0.9430946291560102,0.8,0.6
724,5.04,hoKqcW6NiCQ,5.0,4.0,0.7936507936507936,0.2,0.0
726,242.5992083333333,PZ-Q5AiARIU,244.0,235.6,0.9711490883197098,0.3,0.3
731,163.63104166666668,YgE5qwkHduo,166.0,161.8,0.9888099369898488,0.5,0.3
733,178.319875,6PNpP6owiJs,178.0,172.7,0.9684843038388176,0.4,0.4
735,135.11836734693878,czqN-ja128Q,136.0,121.2,0.8969913001449975,0.6,0.5
736,64.83591666666666,tfO3y2_5L-o,122.0,58.7,0.9053623827328218,1.1,1.1
738,82.0245,-tCeJ2BDEu8,259.0,78.3,0.9545928350675712,176.2,0.3
739,69.04166666666667,_DE1bgrCYT4,69.0,63.6,0.9211828605914304,0.4,0.3
740,92.05554166666668,i9vYKjFCDV8,91.0,87.8,0.9537720207863638,1.0,0.5
747,233.42666666666668,nzZ8LrqMvB0,234.0,228.4,0.9784657565545212,0.2,0.1
749,281.9615,I7kqV84pvCM,282.0,276.8,0.9816943093294652,0.5,0.5
750,425.0645,bkLePF0WjR4,426.0,376.7,0.8862184444948943,2.4,3.4
751,213.44653061224489,wvv-c7KeFCw,214.0,207.7,0.9730774232040142,0.8,0.4
752,301.62666666666667,gMRNoW_L5NY,302.0,297.1,0.9849924851914068,1.5,1.4
757,196.80655,QE1_5b0UbYs,197.0,191.5,0.9730367205766272,0.6,0.6
760,272.14365,CyVcCQs7vPg,272.0,266.8,0.9803645978879172,0.4,0.5
762,373.23758333333336,uDs5Mi3o8L0,779.0,361.8,0.9693557566438356,1.0,0.4
763,256.3657,NgrAUX7Y25w,256.0,249.5,0.973219116285837,0.5,0.5
765,275.06941666666665,xVjuRaW8xa8,278.0,269.4,0.979389142074137,0.6,0.5
767,232.4375833333333,Cogw9dlwPgg,232.0,225.1,0.968432027092578,2.7,2.8
768,264.43755,lYyR7pIXMVk,265.0,257.3,0.9730085610005084,0.5,0.5
770,245.0445625,8W3jC4T9TWo,247.0,241.7,0.9863512070381076,0.5,0.3
771,196.98666666666668,9ehmzxP6UZU,268.0,43.7,0.2218424258833085,170.7,106.0
772,289.884025,OYn-o9LpYD4,163.0,138.6,0.4781222421621888,21.7,22.6
773,123.50666666666666,cstYOmTziPM,124.0,117.0,0.9473172838173378,0.9,0.7
774,226.8933333333333,pCDZ4er9l40,227.0,218.0,0.9608039019803728,1.4,1.1
775,210.42666666666668,nMrNYCguPdc,239.0,208.0,0.9884678747940692,20.9,0.4
780,268.2933333333333,9QRqaMzN9xA,304.0,186.9,0.6966255839379785,73.3,67.5
781,185.6133333333333,AI40TN8sekA,186.0,184.8,0.9956181308814024,0.5,0.0
783,221.946125,uJIFSB8owlM,223.0,218.1,0.982670907185246,0.4,0.2
784,201.5869387755102,RixHMMTM0dQ,199.0,196.1,0.9727812783465076,0.7,0.7
786,146.7479375,GJW19nlzb3Q,147.0,139.9,0.9533353748157448,0.6,0.0
787,160.46666666666667,uhjqyPqcvEs,161.0,154.4,0.9621936019941836,2.0,0.7
790,180.506125,1yDN-mQmqaI,181.0,178.7,0.9899941068481748,0.8,0.4
791,227.1347083333333,8syDsF3IxEA,226.0,210.6,0.9272030749740472,4.2,1.1
794,89.20815,8Pnxe_6HL8w,91.0,82.2,0.921440473768372,0.8,0.6
799,202.63185,yiwQBs6q3-c,203.0,198.4,0.9791155733908564,0.6,0.6
802,249.8611875,KiygLeYdjsI,250.0,241.1,0.9649357805921738,0.5,0.5
804,77.79265,gEfNzsvSfEk,180.0,22.0,0.2828030668707134,7.5,6.2
805,214.4653,nfmSffmFmHY,215.0,207.1,0.9656573814038912,1.5,1.7
806,276.37333333333333,61klageOn-4,278.0,267.6,0.9682554998070244,2.0,0.3
808,170.6579375,KEG9DmQvw7c,182.0,162.9,0.9545410098490144,9.6,0.4
811,284.0294,s_76F95k0a8,284.0,278.1,0.9791239920937762,1.0,0.3
813,159.95575,bBA1D1T6FM4,164.0,157.5,0.984647316523476,2.2,0.3
814,275.35675,qE4KVDH_5ok,277.0,269.2,0.9776408241308776,0.5,0.4
815,463.33391666666665,EvpOkY_lZIE,464.0,380.0,0.8201428523381356,0.3,0.3
816,145.34525,toreHfq87SE,149.0,34.8,0.2394299091301573,0.4,0.3
818,397.32245833333326,19VERhSvRtc,395.0,380.1,0.9566537003582,0.4,0.1
819,445.9102083333333,dXfcfJE8Q4Y,447.0,379.6,0.8512924640564316,0.4,0.4
822,234.8930625,3lzEA6vuYF8,244.0,64.4,0.2741673139026828,70.5,69.5
823,164.0228125,Ytyz_AW1WLw,168.0,148.8,0.9071908823658296,11.8,11.9
827,341.49875,zvAo7syLiLI,344.0,334.8,0.980384262021457,0.9,0.6
828,196.9333333333333,ppT7JaGozmw,198.0,191.1,0.9703791469194314,1.8,1.3
829,172.8,kc_fKo0Ru3I,175.0,86.1,0.4982638888888888,29.2,28.1
831,176.16,gVIOWkk3c0E,176.0,173.5,0.9849000908265214,0.4,0.0
832,112.6661,g4xoxWmmdxM,116.0,106.4,0.9443834480824312,1.6,1.4
834,170.449,6iguNTrwxBY,173.0,166.4,0.9762450938403864,0.4,0.4
835,131.76165,I3VDO0BvtlU,134.0,127.4,0.9668974242505312,1.6,0.5
837,236.6955,7fkMH97SmoA,235.0,228.6,0.9657978288560618,0.8,0.5
842,100.3101875,jAKiLWHfABA,109.0,87.8,0.8752849754168788,2.4,2.0
843,238.94204166666665,lsRre2LuQYI,239.0,233.4,0.9768059164975328,0.5,0.5
844,228.127375,7yjbxX31QLY,229.0,218.6,0.9582365991806112,0.6,0.4
845,215.87591666666663,EKQYo-F8lkk,217.0,209.6,0.9709281296238464,1.6,0.4
846,255.7649,cuD_qK-ToD0,254.0,185.8,0.7264483906900439,61.0,61.5
847,209.998375,pfQAEOAOqJE,210.0,201.2,0.9581026519848068,0.7,1.0
851,256.75758333333334,9f21woOt9GE,257.0,250.4,0.9752389656780668,0.2,0.1
853,223.3208125,OMnVKzksvVU,230.0,217.8,0.9752785580609512,4.7,0.6
854,72.58666666666667,ML9cmj_nVW8,73.0,71.6,0.9864070536370314,0.2,0.1
855,190.61553125,ZmKrD39Q79w,191.0,189.1,0.992049277201802,0.7,0.5
858,314.25305,MDh5LfFSPxI,314.0,309.9,0.9861479466945507,0.4,0.7
859,535.3273125,oRvFyj2MLYk,534.0,379.9,0.7096592890541149,0.6,0.5
861,313.2343,GKRRnCbP2Bo,340.0,306.2,0.9775430085402524,31.8,0.3
863,630.3869583333334,-hwiCkU73NA,630.0,379.9,0.602645716219145,0.4,0.3
866,197.511875,T-A_FpNd2lM,196.0,189.3,0.9584233859356558,2.3,2.3
867,146.4685625,i-U3TrMR1bc,120.0,79.2,0.5407303700410114,29.3,0.3
872,39.8366875,UNi5dR3RJJA,258.0,8.7,0.2183916521673645,45.4,14.8
877,433.92,P-z2jK5Y8JA,434.0,377.8,0.8706674041297935,2.4,2.4
880,326.5045,PWNXmKKkRmI,260.0,164.8,0.5047403634559401,0.1,62.8
883,408.71825,K5qqm4rlm8M,410.0,379.6,0.9287571572837768,1.4,1.0
884,400.35266666666666,rnEeZTphC-U,401.0,378.9,0.946415576933004,1.5,1.4
887,278.7265,4oXFxbJ8mNE,280.0,137.4,0.4929563568587845,86.8,87.9
890,355.16083333333336,lk-E0VbgxkU,355.0,346.6,0.9758958969293254,1.0,1.0
893,225.888875,SfwClbIp9Zg,223.0,221.0,0.9783571678773468,0.3,0.2
894,234.60575,pH5-1BnNK8U,235.0,226.6,0.9658757298148064,0.5,0.6
895,419.36983333333336,I3NXApQe-c8,419.0,380.0,0.9061214465036628,0.4,0.4
898,387.60491666666667,7tiZSMKyKO4,388.0,379.7,0.9796057368553333,0.4,0.5
899,112.4,_oLFctocYnk,115.0,110.5,0.9830960854092526,0.3,0.3
900,215.249,z5Ndq_tVnGA,212.0,207.4,0.9635352545191846,0.6,0.4
904,173.6359,xypmAwADnd4,170.0,86.5,0.4981688694561436,73.9,73.0
906,305.76325,TpLsSNIQ0qU,308.0,297.8,0.9739561572556544,0.4,0.3
909,294.635125,gBcKAU_L7XE,292.0,290.4,0.985625865212099,0.2,0.5
910,196.2579583333333,oPE8m_Xt6yg,196.0,192.6,0.9813614776980382,0.4,0.6
911,82.703625,m5I_7nVDnTM,83.0,75.7,0.915316589810906,0.3,0.4
914,305.7894,t2WG15hkH8M,307.0,300.8,0.9836835416793388,0.3,0.3
919,58.56654166666666,-RngRJDDEPk,53.0,50.2,0.8571446865637876,0.2,0.7
925,164.075125,zbioGFjlybE,175.0,70.6,0.4302906976301252,100.1,87.4
930,470.0211875,NNhe9NUSZ94,469.0,379.9,0.8082614360868572,0.4,0.4
931,278.0735,Zg3AinOJoSk,278.0,273.2,0.9824740581177276,0.6,0.6
932,1149.8318125,KAHxibPnhOk,1150.0,378.2,0.3289176694265449,0.5,0.5
933,467.8008333333333,WdiQCHLd51Y,468.0,380.1,0.8125252733980453,0.3,0.3
934,475.0366875,41p1Fcq9liI,472.0,379.5,0.7988856650150836,0.5,0.5
935,587.1020416666668,zXkxDsrErH0,587.0,379.9,0.6470766119660203,0.5,0.5
936,210.8081632653061,1CifcnZGIoE,212.0,203.0,0.9629608116480796,2.1,0.3
938,214.4653333333333,NFnbpqs7JuI,214.0,204.0,0.9512026807751373,1.4,1.4
939,363.41554166666674,kQ5qkV7hJZQ,372.0,358.9,0.98757471503294,10.1,1.7
941,251.4547083333333,0yP7wn9lZ7o,251.0,241.5,0.9604115254022718,0.5,0.5
942,191.0596,QiKJ8jzeC3k,190.0,186.7,0.9771819892850188,0.8,0.4
943,115.3305625,Eiva-FLAkhQ,115.0,107.7,0.9338374639419624,0.5,0.4
944,240.0653,1QkKcctcH7E,240.0,233.1,0.970985810943939,0.7,0.4
948,372.06205,i6U5JcS-Pao,372.0,363.4,0.9767188026835846,1.3,0.9
951,171.1804,iRzn7mgIH8o,175.0,164.9,0.9633112202097904,0.5,0.5
952,122.0702,KLFofUmOYfk,1523.0,78.7,0.6447109941656523,12.3,11.8
954,158.06695,FtRX-_gv8tM,159.0,149.4,0.9451691197938596,0.4,0.4
1600,211.46666666666667,rblYSKz_VnI,208.0,195.2,0.923076923076923,3.1,3.5
1602,255.2979,_yyJuhlhDDA,256.0,251.4,0.984731954316898,0.8,0.5
1603,228.653,Iw3izcZd9zU,241.0,221.1,0.9669674135043056,7.8,0.6
1604,216.95015,rY0WxgSXdEE,223.0,194.7,0.8974411863739203,19.9,15.0
1605,122.83095,-tJYN-eG1zk,135.0,118.6,0.9655546912239952,6.5,0.5
1607,343.46115,Ro2gUiAFjN8,344.0,339.5,0.9884669634396788,0.9,0.7
1608,387.7387,g2N0TkfrQhY,407.0,379.9,0.9797835501073274,19.3,0.5
1610,248.009725,Od6hY_50Dh0,272.0,234.9,0.947140278470935,17.3,5.5
1611,220.555025,JU5LMG3WFBw,234.0,168.7,0.7648884898451077,50.0,44.6
1613,177.21466666666663,ho7796-au8U,211.0,172.1,0.9711385814567643,16.6,1.1
1615,251.97716666666668,PHZ1Bii7Uwk,258.0,245.6,0.9746914899035164,0.8,0.9
1616,203.18041666666667,5X-Mrc2l1d0,203.0,199.5,0.9818859675206558,1.0,1.3
1618,217.36491666666663,6xAtbkRMgqU,218.0,214.3,0.985899671788494,0.6,0.5
1619,221.9885833333333,K4VHhOa6hqg,222.0,218.2,0.9829334316366872,0.4,0.2
1620,314.61875,zADxFyExcmA,315.0,306.4,0.9738771131726892,0.1,0.2
1622,239.658,PfrV_6yWbEg,397.0,231.9,0.9676288711413764,43.4,1.9
1624,308.4384166666667,C1kHeeEMe-s,267.0,257.7,0.8354990366796613,3.4,23.3
1626,309.6666666666667,eAR_Ff5A8Rk,311.0,304.2,0.9823466092572658,1.0,0.3
1627,165.2,9_nIC1bEHTU,166.0,155.4,0.940677966101695,0.7,0.3
1628,222.0,ANsKjjyfeOo,222.0,213.1,0.95990990990991,0.2,0.2
1629,235.6266666666667,UofYl3dataU,237.0,232.4,0.9863060208239022,1.0,0.3
1630,171.82666666666665,jIDEZ_frJBs,201.0,32.4,0.1885621168619539,162.6,116.9
1631,78.89333333333333,aP47nqo2cf4,79.0,78.3,0.9924792969410174,0.2,0.3
1634,160.4,m2uTFF_3MaA,165.0,75.4,0.4700748129675811,33.5,31.8
1635,147.97333333333333,MiYUKhd49Ik,150.0,118.3,0.7994683726797621,19.4,14.9
1640,134.73333333333332,sU_7Bvr1Mh8,133.0,115.6,0.8579910935180604,6.2,5.2
1642,164.08,G87l7ntIpdQ,158.0,152.3,0.9282057532910776,1.5,1.7
1647,238.02775510204083,BpndGZ71yww,243.0,234.0,0.983078632572432,2.6,3.4
1648,66.5861224489796,oMarHac3VpQ,67.0,65.1,0.9776811985092192,0.6,1.0
1651,49.84163265306122,fUUOX6kAIxI,51.0,47.3,0.9490058307127884,1.7,1.1
1652,285.2933333333333,zOKGcEfSwnY,287.0,282.4,0.9898583913632752,1.4,0.9
1653,163.30666666666667,0ArlUSVDQIw,164.0,161.0,0.985875244937949,1.9,1.8
1654,174.89333333333337,z9EaBjFvQpc,175.0,172.5,0.9863154684760234,0.5,0.5
